Scenario,R2_Score,MAE,Degradation_%
Noise +50%,0.8248679647806324,29.73819070748093,6.885680683849899
Drift +10%,-0.46746425396323565,100.03796549190274,152.76919176270164
Drift -10%,-0.3042263775747176,95.6426842385285,134.3422623685252
Missing Data 20%,0.8858658591273879,23.656876822999706,0.0
Outliers Injected,0.7991929846016896,27.760249230965048,9.78397278015369
