Feature,Mean,Std,Min,Q25,Median,Q75,Max,Skewness,Kurtosis
Consumption,1479.5640901584086,979.1471375307109,500.01163482305043,778.8445893599867,1177.080921698653,1853.4482371178021,8672.445597818083,1.9072306288780738,4.990102856758861
Temperature,20.01393306807291,7.330440929115131,3.8474772695599695,13.307728498476047,20.052272523757324,26.749391190692805,35.976654746020635,0.003404091902348084,-1.2879450375016126
Humidity,60.018775108293895,15.070232640728964,22.082055307119457,46.73571370811478,59.96795205537044,73.5397936128955,94.77443261562921,0.00246647553533964,-1.1884694270695915
Hour,11.5,6.922581688234342,0.0,5.75,11.5,17.25,23.0,0.0,-1.2041762651000953
DayOfWeek,2.9917808219178084,2.0035192299105375,0.0,1.0,3.0,5.0,6.0,0.0031089046964813826,-1.2529328506436184
Month,6.498630136986302,3.444170607373559,1.0,4.0,7.0,9.0,12.0,-0.0038460138874945697,-1.2087845532269732
