,MAPE,RMSE,MAE,R2
EnsembleQuickTest,31.967200067690282,170.66784772077787,142.61618809888867,-0.274397849477263
