,MAPE,RMSE,MAE,R2,Dataset,Samples
EnsembleRealWorld,2.354688590831846,355.5942837714007,233.28721303032876,0.9992238771471812,Real-World (Household),1943
