Model,Mean_Error,Std_Dev,Max_Error,Q25,Q50,Q75
moe,119.04622777972835,90.21072976225705,617.9203975952696,48.27262661279792,99.44208298091189,172.35366223410438
